generali->general in totnraw
generali -> general in test
generali -> general in test
generali -> general in raw
Generali -> general in raw
generali -> general in raw
generali -> general in raw
generali -> general in totnraw
generali -> general in test
Generali -> general in test
Generali -> general in test
Generali -> general in raw
Generali -> general in raw
Generali -> general in totnraw
peopie -> people in totnraw
peopie -> people in totnraw
ight -> Right in totnraw
caliever -> caliver in totnraw
caleever -> caliver in totnraw
kaleiver -> caliver in totnraw
kaliver -> caliver in totnraw
culvering -> culverin in totnraw
colverine -> culverin in totnraw
colverine -> culverin in totnraw
harquebuss -> harquebus in totnraw
harquebuz -> harquebus in totnraw
harquebusy -> harquebus in totnraw
harquebussie -> harquebus in totnraw
hargubuss -> harquebus in totnraw
harcubusier -> harquebusier in totnraw
harquebuzier -> harquebusier in totnraw
halberd -> halberd in totnraw
halbert -> halberd in totnraw
halebert -> halberd in totnraw
halebert -> halberd in totnraw
Indians -> Indian in tot
indian -> Indian in tot
casique -> cacique in tot
caciques -> cacique in tot
cassique -> cacique in tot
casiques -> cacique in tot
Caciques -> cacique in tot
casiqui -> cacique in tot
casque -> cacique in tot
Casiqui -> Caciques in raw
casique -> Cacique in raw
caciques -> Caciques in raw
Caciques -> Caciques in raw
cassique -> Cacique in raw
Cassique -> Cacique in raw
casiques -> Caciques in raw
Casiques -> Caciques in raw
pemisapans -> Pemisapan in tot
canibal -> cannibal in tot
naturali -> natural in totnraw
harquebuss -> harquebus in totnraw
